
[
    {
        "name": "Engineering & Technology",
        "subDepartments": [
            "Computer Science & Engineering (AI, ML, Data Science, Cybersecurity, IoT)",
            "Mechanical Engineering (Automobile, Robotics, Mechatronics, Manufacturing)",
            "Civil Engineering (Structural, Environmental, Construction Management)",
            "Electrical Engineering (Power Systems, Control, Energy)",
            "Electronics & Communication (Embedded Systems, VLSI, Signal Processing)",
            "Chemical Engineering (Petrochemical, Biochemical, Process)",
            "Aerospace / Aeronautical Engineering",
            "Information Technology",
            "Industrial / Production Engineering"
        ]
    },
    {
        "name": "Medical & Health Sciences",
        "subDepartments": [
            "Medicine (MBBS, General, Surgery, Pathology)",
            "Nursing",
            "Pharmacy",
            "Dentistry",
            "Physiotherapy",
            "Public Health",
            "Biomedical Sciences",
            "Medical Laboratory Technology"
        ]
    },
    {
        "name": "Science (Pure & Applied)",
        "subDepartments": [
            "Physics (Nuclear, Astrophysics, Quantum)",
            "Chemistry (Organic, Inorganic, Physical)",
            "Biology (Botany, Zoology, Microbiology, Biotechnology)",
            "Mathematics & Statistics",
            "Environmental Science",
            "Geology / Earth Science",
            "Forensic Science"
        ]
    },
    {
        "name": "Commerce & Management",
        "subDepartments": [
            "Accounting",
            "Finance",
            "Marketing",
            "Human Resource Management",
            "International Business",
            "Business Analytics",
            "Supply Chain Management",
            "Entrepreneurship"
        ]
    },
    {
        "name": "Arts, Humanities & Social Sciences",
        "subDepartments": [
            "Languages & Literature (English, Hindi, Marathi, etc.)",
            "History",
            "Political Science",
            "Sociology",
            "Psychology",
            "Philosophy",
            "Geography",
            "Journalism / Mass Communication",
            "Education / Teaching"
        ]
    },
    {
        "name": "Law",
        "subDepartments": [
            "Constitutional Law",
            "Criminal Law",
            "Corporate / Business Law",
            "International Law",
            "Cyber Law",
            "Intellectual Property Law",
            "Environmental Law"
        ]
    },
    {
        "name": "Agriculture & Veterinary Sciences",
        "subDepartments": [
            "Agriculture Engineering",
            "Animal Husbandry",
            "Veterinary Medicine",
            "Horticulture",
            "Fisheries",
            "Agribusiness Management"
        ]
    },
    {
        "name": "Design, Architecture & Fine Arts",
        "subDepartments": [
            "Architecture",
            "Interior Design",
            "Fashion Design",
            "Graphic Design",
            "Industrial Design",
            "Animation / VFX",
            "Fine Arts / Painting / Sculpture"
        ]
    },
    {
        "name": "Computer Applications & IT",
        "subDepartments": [
            "Software Development",
            "Database Management",
            "Web Development",
            "Cloud Computing",
            "Cybersecurity",
            "Artificial Intelligence",
            "Data Analytics"
        ]
    },
    {
        "name": "Education / Teaching / Training",
        "subDepartments": [
            "Primary / Secondary Education",
            "Educational Technology",
            "Curriculum & Instruction",
            "Special Education",
            "Educational Psychology",
            "Higher Education Administration"
        ]
    }
]
