{
    "Engineering & Technology": [
        { "label": "Core Engineering Skills", "name": "hardSkills", "isTextArea": true, "placeholder": "e.g., Python, C++, MATLAB, Simulink, CAD, Finite Element Analysis (FEA)" },
        { "label": "Soft Skills", "name": "softSkills", "isTextArea": true, "placeholder": "e.g., Problem Solving, Teamwork, Communication, Project Management" },
        { "label": "Engineering Tools & Software", "name": "toolsAndSoftware", "isTextArea": true, "placeholder": "e.g., AutoCAD, SolidWorks, VS Code, Ansys, LabVIEW, Git" },
        { "label": "Internships / Work Experience", "name": "internships", "isTextArea": true, "placeholder": "e.g., Mechanical Engineering Intern at Tesla - Assisted in the design of..." },
        { "label": "Academic or Personal Projects", "name": "projects", "isTextArea": true, "placeholder": "e.g., Designed a small-scale autonomous vehicle using Arduino and Python." },
        { "label": "Relevant Certifications", "name": "certifications", "isTextArea": true, "placeholder": "e.g., AWS Certified Cloud Practitioner, Certified SolidWorks Professional (CSWP)" },
        { "label": "Languages (Programming & Spoken)", "name": "languages", "isTextArea": true, "placeholder": "e.g., C++, Python, English (Fluent), German (Basic)" }
    ],
    "Medical & Health Sciences": [
        { "label": "Clinical Skills & Procedures", "name": "hardSkills", "isTextArea": true, "placeholder": "e.g., Patient Diagnosis, Clinical Research, Phlebotomy, Medical Imaging Analysis, Suturing" },
        { "label": "Soft Skills for Healthcare", "name": "softSkills", "isTextArea": true, "placeholder": "e.g., Empathy, Communication, Teamwork, Attention to Detail" },
        { "label": "Healthcare Software & EMR", "name": "toolsAndSoftware", "isTextArea": true, "placeholder": "e.g., EHR/EMR Systems (Epic, Cerner), Meditech, PACS, R, SPSS" },
        { "label": "Clinical Rotations / Experience", "name": "internships", "isTextArea": true, "placeholder": "e.g., Clinical Research Assistant at Apollo Hospitals - Collected and analyzed patient data..." },
        { "label": "Research & Publications", "name": "projects", "isTextArea": true, "placeholder": "e.g., Research project on the efficacy of a new diabetes treatment protocol." },
        { "label": "Medical Certifications & Licenses", "name": "certifications", "isTextArea": true, "placeholder": "e.g., Basic Life Support (BLS), Advanced Cardiac Life Support (ACLS), Certified Nursing Assistant (CNA)" },
        { "label": "Languages (Spoken)", "name": "languages", "isTextArea": true, "placeholder": "e.g., English (Fluent), Spanish (Conversational)" }
    ],
    "Science (Pure & Applied)": [
        { "label": "Scientific & Laboratory Skills", "name": "hardSkills", "isTextArea": true, "placeholder": "e.g., Data Analysis, Laboratory Techniques (PCR, Spectroscopy), Statistical Modeling, Quantum Mechanics" },
        { "label": "Soft Skills", "name": "softSkills", "isTextArea": true, "placeholder": "e.g., Critical Thinking, Research, Data Interpretation, Collaboration" },
        { "label": "Scientific Software & Tools", "name": "toolsAndSoftware", "isTextArea": true, "placeholder": "e.g., R, Python (NumPy, Pandas, SciPy), MATLAB, LabVIEW, LaTeX, Zotero" },
        { "label": "Research Experience / Internships", "name": "internships", "isTextArea": true, "placeholder": "e.g., Lab Assistant at the National Centre for Biological Sciences - Prepared samples..." },
        { "label": "Key Research Projects", "name": "projects", "isTextArea": true, "placeholder": "e.g., Investigated the effect of varying pH levels on enzyme activity in a controlled lab setting." },
        { "label": "Certifications & Courses", "name": "certifications", "isTextArea": true, "placeholder": "e.g., Certified Laboratory Technician, Google Data Analytics Certificate" },
        { "label": "Languages", "name": "languages", "isTextArea": true, "placeholder": "e.g., English (Fluent), Python, R" }
    ],
    "Commerce & Management": [
        { "label": "Business & Finance Skills", "name": "hardSkills", "isTextArea": true, "placeholder": "e.g., Financial Modeling, Market Research, Business Analysis, Accounting (Tally), P&L Statement Analysis" },
        { "label": "Soft Skills", "name": "softSkills", "isTextArea": true, "placeholder": "e.g., Negotiation, Leadership, Strategic Thinking, Communication" },
        { "label": "Business Software & Tools", "name": "toolsAndSoftware", "isTextArea": true, "placeholder": "e.g., Microsoft Excel (Advanced), QuickBooks, SAP, Tableau, Salesforce, Google Analytics" },
        { "label": "Internships / Work Experience", "name": "internships", "isTextArea": true, "placeholder": "e.g., Marketing Intern at P&G - Conducted competitor analysis and contributed to social media campaigns..." },
        { "label": "Business Projects or Case Studies", "name": "projects", "isTextArea": true, "placeholder": "e.g., Created a comprehensive marketing plan and financial forecast for a local startup." },
        { "label": "Professional Certifications", "name": "certifications", "isTextArea": true, "placeholder": "e.g., Certified Public Accountant (CPA), Financial Risk Manager (FRM), Google Ads Certification" },
        { "label": "Languages", "name": "languages", "isTextArea": true, "placeholder": "e.g., English (Fluent), Mandarin (Conversational)" }
    ],
    "Arts, Humanities & Social Sciences": [
        { "label": "Research & Analytical Skills", "name": "hardSkills", "isTextArea": true, "placeholder": "e.g., Archival Research, Critical Analysis, Content Writing, Public Speaking, Ethnographic Research" },
        { "label": "Soft Skills", "name": "softSkills", "isTextArea": true, "placeholder": "e.g., Communication, Empathy, Critical Thinking, Storytelling" },
        { "label": "Relevant Tools & Software", "name": "toolsAndSoftware", "isTextArea": true, "placeholder": "e.g., Scrivener, Zotero, SPSS, NVivo, Adobe Creative Suite (InDesign, Photoshop), Audacity" },
        { "label": "Internships / Volunteering", "name": "internships", "isTextArea": true, "placeholder": "e.g., Editorial Assistant at a publishing house - Proofread manuscripts..." },
        { "label": "Major Papers or Creative Projects", "name": "projects", "isTextArea": true, "placeholder": "e.g., Wrote a 20-page research paper on the socio-economic impacts of post-war urbanization." },
        { "label": "Certifications & Courses", "name": "certifications", "isTextArea": true, "placeholder": "e.g., Google Analytics for Beginners, Certificate in Social Media Marketing, TEFL Certification" },
        { "label": "Languages", "name": "languages", "isTextArea": true, "placeholder": "e.g., English (Native), French (Fluent), Spanish (Basic)" }
    ],
    "Law": [
        { "label": "Legal Skills", "name": "hardSkills", "isTextArea": true, "placeholder": "e.g., Legal Research, Case Law Analysis, Pleading and Drafting, Client Counseling, Contract Negotiation" },
        { "label": "Soft Skills", "name": "softSkills", "isTextArea": true, "placeholder": "e.g., Argumentation, Negotiation, Attention to Detail, Logical Reasoning" },
        { "label": "Legal Tech & Software", "name": "toolsAndSoftware", "isTextArea": true, "placeholder": "e.g., Westlaw, LexisNexis, Clio, Manupatra, Microsoft Office Suite" },
        { "label": "Legal Internships / Clerkships", "name": "internships", "isTextArea": true, "placeholder": "e.g., Legal Intern at a corporate law firm - Assisted in drafting legal documents..." },
        { "label": "Moot Court / Mock Trial / Projects", "name": "projects", "isTextArea": true, "placeholder": "e.g., Participated in a National level moot court competition, reaching the quarter-finals." },
        { "label": "Certifications", "name": "certifications", "isTextArea": true, "placeholder": "e.g., Certificate in Cyber Law, Mediation and Conciliation Training Program" },
        { "label": "Languages", "name": "languages", "isTextArea": true, "placeholder": "e.g., English (Fluent), Legal English" }
    ],
    "Agriculture & Veterinary Sciences": [
        { "label": "Technical & Field Skills", "name": "hardSkills", "isTextArea": true, "placeholder": "e.g., Crop Management, Soil Science, Animal Nutrition, Veterinary Diagnostics, Farm Management" },
        { "label": "Soft Skills", "name": "softSkills", "isTextArea": true, "placeholder": "e.g., Observation, Problem Solving, Patience, Communication" },
        { "label": "Tools & Technology", "name": "toolsAndSoftware", "isTextArea": true, "placeholder": "e.g., GIS Software (ArcGIS, QGIS), Farm Management Software, SPSS, R" },
        { "label": "Internships / Field Work", "name": "internships", "isTextArea": true, "placeholder": "e.g., Intern at a veterinary clinic - Assisted with routine check-ups and surgeries..." },
        { "label": "Projects", "name": "projects", "isTextArea": true, "placeholder": "e.g., Developed a sustainable irrigation plan for a small-scale farm." },
        { "label": "Certifications", "name": "certifications", "isTextArea": true, "placeholder": "e.g., Certified Crop Adviser (CCA), Veterinary Technician Certification" },
        { "label": "Languages", "name": "languages", "isTextArea": true, "placeholder": "e.g., English (Fluent), local dialects for fieldwork" }
    ],
    "Design, Architecture & Fine Arts": [
        { "label": "Creative & Technical Skills", "name": "hardSkills", "isTextArea": true, "placeholder": "e.g., Sketching, 3D Modeling, Typography, User Interface (UI) Design, Color Theory, Architectural Drawing" },
        { "label": "Soft Skills", "name": "softSkills", "isTextArea": true, "placeholder": "e.g., Creativity, Attention to Detail, Communication, Visual Storytelling" },
        { "label": "Design Software", "name": "toolsAndSoftware", "isTextArea": true, "placeholder": "e.g., Adobe Creative Suite (Photoshop, Illustrator, InDesign), AutoCAD, SketchUp, Figma, Blender" },
        { "label": "Internships / Freelance Work", "name": "internships", "isTextArea": true, "placeholder": "e.g., Graphic Design Intern at Zomato - Created visuals for social media campaigns..." },
        { "label": "Portfolio Projects", "name": "projects", "isTextArea": true, "placeholder": "e.g., Designed a complete brand identity and UI mockups for a mobile app." },
        { "label": "Certifications", "name": "certifications", "isTextArea": true, "placeholder": "e.g., Adobe Certified Expert (ACE), Autodesk Certified User" },
        { "label": "Languages", "name": "languages", "isTextArea": true, "placeholder": "e.g., English (Fluent)" }
    ],
    "Computer Applications & IT": [
        { "label": "Programming Languages & Frameworks", "name": "hardSkills", "isTextArea": true, "placeholder": "e.g., Java (Spring), Python (Django), JavaScript (React, Node.js), SQL, NoSQL (MongoDB), Docker, Kubernetes" },
        { "label": "Soft Skills", "name": "softSkills", "isTextArea": true, "placeholder": "e.g., Problem Solving, Logical Thinking, Collaboration, Adaptability" },
        { "label": "Development Tools & Platforms", "name": "toolsAndSoftware", "isTextArea": true, "placeholder": "e.g., VS Code, Git, Jira, Figma, Postman, AWS/GCP/Azure" },
        { "label": "Internships / Work Experience", "name": "internships", "isTextArea": true, "placeholder": "e.g., Software Development Intern at Microsoft - Worked on the backend services for..." },
        { "label": "Key Projects", "name": "projects", "isTextArea": true, "placeholder": "e.g., Built a full-stack e-commerce web application using the MERN stack." },
        { "label": "Certifications", "name": "certifications", "isTextArea": true, "placeholder": "e.g., AWS Certified Solutions Architect, Google Certified Professional Cloud Developer, CKA" },
        { "label": "Languages", "name": "languages", "isTextArea": true, "placeholder": "e.g., English (Fluent), JavaScript, Python" }
    ],
    "Education / Teaching / Training": [
        { "label": "Pedagogical Skills", "name": "hardSkills", "isTextArea": true, "placeholder": "e.g., Curriculum Design, Classroom Management, Educational Assessment, Instructional Technology" },
        { "label": "Soft Skills", "name": "softSkills", "isTextArea": true, "placeholder": "e.g., Patience, Communication, Empathy, Leadership" },
        { "label": "EdTech Tools & Software", "name": "toolsAndSoftware", "isTextArea": true, "placeholder": "e.g., Google Classroom, Canvas, Moodle, Kahoot!, Adobe Captivate" },
        { "label": "Teaching Experience / Internships", "name": "internships", "isTextArea": true, "placeholder": "e.g., Student Teacher at a local high school - Taught mathematics to..." },
        { "label": "Projects", "name": "projects", "isTextArea": true, "placeholder": "e.g., Designed and implemented a 4-week project-based learning module for 8th-grade science." },
        { "label": "Certifications", "name": "certifications", "isTextArea": true, "placeholder": "e.g., Teacher Eligibility Test (TET), Certificate in Online Teaching" },
        { "label": "Languages", "name": "languages", "isTextArea": true, "placeholder": "e.g., English (Fluent), language of instruction" }
    ],
    "default": [
        { "label": "Hard Skills (Domain-Specific)", "name": "hardSkills", "isTextArea": true, "placeholder": "e.g., Python (Advanced), SQL (Intermediate), React (Beginner)" },
        { "label": "Soft Skills", "name": "softSkills", "isTextArea": true, "placeholder": "e.g., Communication, Teamwork, Problem Solving, Leadership" },
        { "label": "Tools & Software", "name": "toolsAndSoftware", "isTextArea": true, "placeholder": "e.g., Adobe Photoshop, VS Code, Microsoft Excel, Jira, Figma" },
        { "label": "Internships / Work Experience", "name": "internships", "isTextArea": true, "placeholder": "Provide details about your internships or any part-time/full-time work experience. Mention company, role, duration, and key responsibilities." },
        { "label": "Projects", "name": "projects", "isTextArea": true, "placeholder": "Describe any academic or personal projects. Mention the title, technologies used, and your role/contributions." },
        { "label": "Certifications or Online Courses", "name": "certifications", "isTextArea": true, "placeholder": "e.g., Google Data Analytics Certificate, AWS Certified Cloud Practitioner" },
        { "label": "Languages (Programming & Spoken)", "name": "languages", "isTextArea": true, "placeholder": "e.g., English (Fluent), Spanish (Conversational), JavaScript, C++" }
    ]
}
