{
  "science": [
    { "id": "sci_q1", "question": "What is the chemical symbol for Gold?", "options": ["Au", "Ag", "G", "Go"] },
    { "id": "sci_q2", "question": "Which planet is known as the Red Planet?", "options": ["Mars", "Jupiter", "Venus", "Saturn"] },
    { "id": "sci_q3", "question": "What is the speed of light?", "options": ["300,000 km/s", "150,000 km/s", "500,000 km/s", "1,000,000 km/s"] },
    { "id": "sci_q4", "question": "What is the main component of natural gas?", "options": ["Methane", "Ethane", "Propane", "Butane"] },
    { "id": "sci_q5", "question": "What does a light-year measure?", "options": ["Time", "Distance", "Brightness", "Speed"] },
    { "id": "sci_q6", "question": "What force keeps the planets in orbit around the sun?", "options": ["Gravity", "Magnetism", "Friction", "Tension"] },
    { "id": "sci_q7", "question": "What is the hardest natural substance on Earth?", "options": ["Gold", "Iron", "Diamond", "Quartz"] },
    { "id": "sci_q8", "question": "Which of these is not a state of matter?", "options": ["Solid", "Liquid", "Gas", "Energy"] },
    { "id": "sci_q9", "question": "What is H2O more commonly known as?", "options": ["Salt", "Water", "Sugar", "Oxygen"] },
    { "id": "sci_q10", "question": "Which gas is most abundant in the Earth’s atmosphere?", "options": ["Oxygen", "Nitrogen", "Carbon Dioxide", "Argon"] }
  ],
  "commerce": [
    { "id": "com_q1", "question": "What does \"debit\" mean in accounting?", "options": ["An entry on the left side of an account", "An entry on the right side of an account", "A decrease in assets", "An increase in liability"] },
    { "id": "com_q2", "question": "What is GDP?", "options": ["General Domestic Product", "Gross Domestic Product", "Gross Development Product", "General Development Product"] },
    { "id": "com_q3", "question": "Which of the following is considered a liability?", "options": ["Cash", "Accounts Receivable", "Inventory", "Accounts Payable"] },
    { "id": "com_q4", "question": "What is inflation?", "options": ["A decrease in the general price level of goods and services", "An increase in the general price level of goods and services", "A stable price level", "A decrease in the value of money"] },
    { "id": "com_q5", "question": "What does ROI stand for?", "options": ["Return on Investment", "Rate of Interest", "Return on Inventory", "Rate of Investment"] },
    { "id": "com_q6", "question": "Who is known as the father of Economics?", "options": ["Adam Smith", "John Maynard Keynes", "Karl Marx", "Milton Friedman"] },
    { "id": "com_q7", "question": "What is a bull market?", "options": ["A market in which prices are falling", "A market in which prices are rising", "A stable market", "A volatile market"] },
    { "id": "com_q8", "question": "What is a monopoly?", "options": ["A market structure with a single seller", "A market structure with many sellers", "A market structure with a few sellers", "A market structure with perfect competition"] },
    { "id": "com_q9", "question": "What is the primary purpose of a balance sheet?", "options": ["To show profitability over a period", "To show financial position at a specific point in time", "To show cash flows over a period", "To show changes in equity over a period"] },
    { "id": "com_q10", "question": "What does IPO stand for?", "options": ["Initial Private Offering", "Initial Public Offering", "Internal Public Offering", "Internal Private Offering"] }
  ],
  "arts": [
    { "id": "art_q1", "question": "Who wrote \"Romeo and Juliet\"?", "options": ["Charles Dickens", "William Shakespeare", "Jane Austen", "Mark Twain"] },
    { "id": "art_q2", "question": "The Renaissance began in which country?", "options": ["France", "Spain", "Italy", "England"] },
    { "id": "art_q3", "question": "What is the capital of India?", "options": ["Mumbai", "Kolkata", "New Delhi", "Chennai"] },
    { "id": "art_q4", "question": "Who was the first President of the United States?", "options": ["Abraham Lincoln", "Thomas Jefferson", "George Washington", "John Adams"] },
    { "id": "art_q5", "question": "Which ancient civilization built the pyramids?", "options": ["Greeks", "Romans", "Egyptians", "Mesopotamians"] },
    { "id": "art_q6", "question": "What is the main subject of Sociology?", "options": ["The study of past events", "The study of human society and social behavior", "The study of the mind and behavior", "The study of government and politics"] },
    { "id": "art_q7", "question": "The French Revolution began in which year?", "options": ["1776", "1789", "1812", "1848"] },
    { "id": "art_q8", "question": "Who painted the Mona Lisa?", "options": ["Vincent van Gogh", "Pablo Picasso", "Leonardo da Vinci", "Michelangelo"] },
    { "id": "art_q9", "question": "What is the largest ocean on Earth?", "options": ["Atlantic Ocean", "Indian Ocean", "Arctic Ocean", "Pacific Ocean"] },
    { "id": "art_q10", "question": "Democracy originated in which ancient city?", "options": ["Rome", "Sparta", "Athens", "Carthage"] }
  ],
  "default": [
    { "id": "def_q1", "question": "Which is the largest planet in our solar system?", "options": ["Earth", "Mars", "Jupiter", "Saturn"] },
    { "id": "def_q2", "question": "What is the capital of Japan?", "options": ["Beijing", "Seoul", "Tokyo", "Bangkok"] },
    { "id": "def_q3", "question": "How many continents are there in the world?", "options": ["5", "6", "7", "8"] },
    { "id": "def_q4", "question": "Who invented the telephone?", "options": ["Thomas Edison", "Alexander Graham Bell", "Nikola Tesla", "Guglielmo Marconi"] },
    { "id": "def_q5", "question": "What is the chemical formula for water?", "options": ["O2", "CO2", "H2O", "NaCl"] },
    { "id": "def_q6", "question": "Which country is known as the Land of the Rising Sun?", "options": ["China", "South Korea", "Japan", "Vietnam"] },
    { "id": "def_q7", "question": "What is the currency of the United Kingdom?", "options": ["Euro", "Dollar", "Pound Sterling", "Yen"] },
    { "id": "def_q8", "question": "Who is the author of the Harry Potter series?", "options": ["J.R.R. Tolkien", "George R.R. Martin", "J.K. Rowling", "Suzanne Collins"] },
    { "id": "def_q9", "question": "What is the tallest mountain in the world?", "options": ["K2", "Mount Everest", "Kangchenjunga", "Lhotse"] },
    { "id": "def_q10", "question": "Which is the smallest country in the world?", "options": ["Monaco", "Nauru", "Vatican City", "San Marino"] }
  ]
}
